{"cameraMode":{"drawMode":0,"name":"Shaded","section":"Shading Mode"},"sceneLighting":true,"audioPlay":false,"sceneViewState":{"m_AlwaysRefresh":false,"showFog":true,"showSkybox":true,"showFlares":true,"showImageEffects":true,"showParticleSystems":true,"showVisualEffectGraphs":true,"m_FxEnabled":true},"in2DMode":false,"pivot":{"x":-0.12116582691669464,"y":0.06911005824804306,"z":0.008197533898055554},"rotation":{"x":0.20296378433704377,"y":0.6919312477111816,"z":-0.21286289393901826,"w":0.6594502329826355},"size":0.024821510538458825,"orthographic":false}