{"cameraMode":{"drawMode":0,"name":"Shaded","section":"Shading Mode"},"sceneLighting":true,"audioPlay":false,"sceneViewState":{"m_AlwaysRefresh":false,"showFog":true,"showSkybox":true,"showFlares":true,"showImageEffects":true,"showParticleSystems":true,"showVisualEffectGraphs":true,"m_FxEnabled":true},"in2DMode":false,"pivot":{"x":-0.12120739370584488,"y":0.06911003589630127,"z":0.01287582516670227},"rotation":{"x":0.21476083993911744,"y":0.6532393097877502,"z":-0.20095457136631013,"w":0.6977983117103577},"size":0.024821510538458825,"orthographic":false}