{"cameraMode":{"drawMode":0,"name":"Shaded","section":"Shading Mode"},"sceneLighting":true,"audioPlay":false,"sceneViewState":{"m_AlwaysRefresh":false,"showFog":true,"showSkybox":true,"showFlares":true,"showImageEffects":true,"showParticleSystems":true,"showVisualEffectGraphs":true,"m_FxEnabled":true},"in2DMode":false,"pivot":{"x":-0.025815892964601518,"y":-0.008735526353120804,"z":-0.014314958825707436},"rotation":{"x":0.08551781624555588,"y":0.8278360962867737,"z":-0.13150830566883088,"w":0.5387154817581177},"size":0.27735358476638796,"orthographic":false}