{"cameraMode":{"drawMode":0,"name":"Shaded","section":"Shading Mode"},"sceneLighting":true,"audioPlay":false,"sceneViewState":{"m_AlwaysRefresh":false,"showFog":true,"showSkybox":true,"showFlares":true,"showImageEffects":true,"showParticleSystems":true,"showVisualEffectGraphs":true,"m_FxEnabled":true},"in2DMode":false,"pivot":{"x":-0.5929258465766907,"y":0.17096254229545594,"z":0.03196007013320923},"rotation":{"x":-0.15695659816265107,"y":-0.7005730867385864,"z":0.1623273342847824,"w":-0.6772571802139282},"size":0.028522280976176263,"orthographic":false}