{"cameraMode":{"drawMode":0,"name":"Shaded","section":"Shading Mode"},"sceneLighting":true,"audioPlay":false,"sceneViewState":{"m_AlwaysRefresh":false,"showFog":true,"showSkybox":false,"showFlares":true,"showImageEffects":true,"showParticleSystems":true,"showVisualEffectGraphs":true,"m_FxEnabled":true},"in2DMode":false,"pivot":{"x":0.2116473913192749,"y":-0.24046894907951356,"z":0.44866541028022768},"rotation":{"x":-0.3038325309753418,"y":-0.4190143942832947,"z":0.15136322379112245,"w":-0.8425377011299133},"size":0.44324973225593569,"orthographic":false}