{"cameraMode":{"drawMode":0,"name":"Shaded","section":"Shading Mode"},"sceneLighting":true,"audioPlay":false,"sceneViewState":{"m_AlwaysRefresh":false,"showFog":true,"showSkybox":true,"showFlares":true,"showImageEffects":true,"showParticleSystems":true,"showVisualEffectGraphs":true,"m_FxEnabled":true},"in2DMode":false,"pivot":{"x":1.0344791412353516,"y":-0.31083452701568606,"z":0.5098599195480347},"rotation":{"x":0.09474354982376099,"y":0.5615520477294922,"z":-0.0646093338727951,"w":0.8196563720703125},"size":0.7071247696876526,"orthographic":false}