{"cameraMode":{"drawMode":0,"name":"Shaded","section":"Shading Mode"},"sceneLighting":false,"audioPlay":false,"sceneViewState":{"m_AlwaysRefresh":false,"showFog":true,"showSkybox":false,"showFlares":true,"showImageEffects":true,"showParticleSystems":true,"showVisualEffectGraphs":true,"m_FxEnabled":true},"in2DMode":false,"pivot":{"x":0.07951101660728455,"y":0.10063652694225311,"z":-0.14688891172409059},"rotation":{"x":0.2923077344894409,"y":-0.10584507137537003,"z":0.0326387956738472,"w":0.9499913454055786},"size":0.009955146349966526,"orthographic":false}