{"cameraMode":{"drawMode":0,"name":"Shaded","section":"Shading Mode"},"sceneLighting":false,"audioPlay":false,"sceneViewState":{"m_AlwaysRefresh":false,"showFog":true,"showSkybox":false,"showFlares":true,"showImageEffects":true,"showParticleSystems":true,"showVisualEffectGraphs":true,"m_FxEnabled":true},"in2DMode":false,"pivot":{"x":960.0934448242188,"y":540.1456909179688,"z":-0.5222841501235962},"rotation":{"x":0.11841466277837753,"y":0.35116952657699587,"z":-0.044726379215717319,"w":0.9278141856193543},"size":0.7071067690849304,"orthographic":false}